1|Grassland|Large, rolling terrains of grasses, flowers and herbs.
2|Rough-Terrain|Harsh weather, barren and rocky soil, and few trees for shelter 
3|Forest|Temperate,broadleaf forest with mid weather and healthy trees
4|Waters-edge|Swiftly-flowing freshwater streams,Rocky and sandy beaches play home, 
5|Sea|Vast open ocean, with sunlit waters, and deep frigid sea floor and icy seas
6|Cave|Little to no light penetrates into dark, damp caverns and winding caves
7|Urban|Defined by the humans that live in them and the environments that they create.
8|Mountain|Open-faced, rugged and isolation
9|Rare|Reserved for those that do not have specific habitat or live in the most extreme of habitats
